-- This file is not included in the submission archive, anything you do here is just for manual "testing" via the Swagger UI --

----- Your insert statements go below here -----
INSERT INTO member(id, data) VALUES ('6f18ee64-d861-41f3-9a10-308cf3095287', jsonb_build_object('email','molly@books.com','name','Molly Member','pwhash',crypt('mollymember','cs'),'roles','["member"]'));
INSERT INTO member(id, data) VALUES ('6f18ee64-d861-41f3-9a10-308cf3095288', jsonb_build_object('email','barbie@books.com','name','Barbie Buyer','pwhash',crypt('barbiebuyer','cs'),'roles','["member"]'));
INSERT INTO member(id, data) VALUES ('6f18ee64-d861-41f3-9a10-308cf3095289', jsonb_build_object('email','sally@books.com','name','Sally Salesman','pwhash',crypt('sallysalesman','cs'),'roles','["member"]'));
INSERT INTO member(id, data) VALUES ('6f18ee64-d861-41f3-9a10-308cf3095277', jsonb_build_object('email','meadow@books.com','name','Meadow Voles','pwhash',crypt('meadowvoles','cs'),'roles','["member"]'));
INSERT INTO member(id, data) VALUES ('6f18ee64-d861-41f3-9a10-308cf3095211', jsonb_build_object('email','vinnie@books.com','name','Vinnie Corn','pwhash',crypt('vinniecorn','cs'),'roles','["member"]'));
INSERT INTO member(id, data) VALUES ('6f18ee64-d861-41f3-9a10-308cf3095265', jsonb_build_object('email','hunter@books.com','name','Hunter Tratar','pwhash',crypt('huntertratar','cs'),'roles','["member"]'));
INSERT INTO member(id, data) VALUES ('6f18ee64-d861-41f3-9a10-308cf3095264', jsonb_build_object('email','harrison@books.com','name','Professor Harrison','pwhash',crypt('harrisonprofessor','cs'),'roles','["member"]'));
INSERT INTO post(member_id, data) VALUES ('6f18ee64-d861-41f3-9a10-308cf3095287', jsonb_build_object('posted', current_timestamp, 'content', 'consequat, lectus sit', 'image', 'https://encrypted-tbn0.gstatic.com/images?q=tbn:ANd9GcRpFN1Tvo80rYwu-eXsDNNzsuPITOdtyRPlYIsIqKaIbw&s'));
INSERT INTO post(member_id, data) VALUES ('6f18ee64-d861-41f3-9a10-308cf3095287', jsonb_build_object('posted', current_timestamp, 'content', 'sed consequat auctor, nunc nulla vulputate dui, nec tempus mauris erat eget ipsum. Suspendisse', 'image', 'https://images-wixmp-ed30a86b8c4ca887773594c2.wixmp.com/f/e24c35df-f312-4853-8ca8-ac16c27167e7/dfwy56f-863cce2c-3969-4462-b955-1f42f8a0c15f.png/v1/fit/w_375,h_614,q_70,strp/what_if_starbucks_was_an_anime_girl___by_creatorsofteas_dfwy56f-375w.jpg?token=eyJ0eXAiOiJKV1QiLCJhbGciOiJIUzI1NiJ9.eyJzdWIiOiJ1cm46YXBwOjdlMGQxODg5ODIyNjQzNzNhNWYwZDQxNWVhMGQyNmUwIiwiaXNzIjoidXJuOmFwcDo3ZTBkMTg4OTgyMjY0MzczYTVmMGQ0MTVlYTBkMjZlMCIsIm9iaiI6W1t7ImhlaWdodCI6Ijw9MTAwNiIsInBhdGgiOiJcL2ZcL2UyNGMzNWRmLWYzMTItNDg1My04Y2E4LWFjMTZjMjcxNjdlN1wvZGZ3eTU2Zi04NjNjY2UyYy0zOTY5LTQ0NjItYjk1NS0xZjQyZjhhMGMxNWYucG5nIiwid2lkdGgiOiI8PTYxNCJ9XV0sImF1ZCI6WyJ1cm46c2VydmljZTppbWFnZS5vcGVyYXRpb25zIl19.WNvuDdZ9HJL5PiUPvXuBsKwy2lIZwGABVQSn7M08c40'));
INSERT INTO post(member_id, data) VALUES ('6f18ee64-d861-41f3-9a10-308cf3095287', jsonb_build_object('posted', current_timestamp, 'content', 'eget varius ultrices, mauris ipsum porta elit, a feugiat'));
INSERT INTO post(member_id, data) VALUES ('6f18ee64-d861-41f3-9a10-308cf3095288', jsonb_build_object('posted', current_timestamp, 'content', 'Ut sagittis lobortis mauris. Suspendisse aliquet molestie tellus. Aenean', 'image', 'https://encrypted-tbn0.gstatic.com/images?q=tbn:ANd9GcRpFN1Tvo80rYwu-eXsDNNzsuPITOdtyRPlYIsIqKaIbw&s'));
INSERT INTO post(member_id, data) VALUES ('6f18ee64-d861-41f3-9a10-308cf3095288', jsonb_build_object('posted', current_timestamp, 'content', 'diam lorem, auctor quis, tristique ac, eleifend vitae, erat. Vivamus', 'image', 'https://randomwordgenerator.com/img/picture-generator/51e3d044494faa0df7c5d57bc32f3e7b1d3ac3e456597849732f73d790_640.jpg'));
INSERT INTO post(member_id, data) VALUES ('6f18ee64-d861-41f3-9a10-308cf3095288', jsonb_build_object('posted', current_timestamp, 'content', '"risus, at fringilla purus mauris a nunc. In at pede. Cras vulputate velit eu sem. Pellentesque ut ipsum ac mi eleifend egestas. Sed pharetra, felis', 'image', 'https://randomwordgenerator.com/img/picture-generator/57e6d3404f56af14f1dc8460962e33791c3ad6e04e507440762a7cd49e45c4_640.jpg'));
INSERT INTO post(member_id, data) VALUES ('6f18ee64-d861-41f3-9a10-308cf3095287', jsonb_build_object('posted', current_timestamp, 'content', 'diam eu dolor egestas rhoncus. Proin nisl sem, consequat nec, mollis vitae, posuere at, velit. Cras lorem', 'image', 'https://randomwordgenerator.com/img/picture-generator/57e5dd4b4b52a414f1dc8460962e33791c3ad6e04e5074417c2f7dd49f44c0_640.jpg'));
INSERT INTO post(member_id, data) VALUES ('6f18ee64-d861-41f3-9a10-308cf3095287', jsonb_build_object('posted', current_timestamp, 'content', 'per inceptos hymenaeos. Mauris ut quam vel sapien imperdiet ornare. In faucibus. Morbi vehicula. Pellentesque tincidunt tempus risus.'));
INSERT INTO post(member_id, data) VALUES ('6f18ee64-d861-41f3-9a10-308cf3095287', jsonb_build_object('posted', current_timestamp, 'content', 'eu tellus eu augue porttitor', 'image', 'https://randomwordgenerator.com/img/picture-generator/57e9d6414c53ad14f1dc8460962e33791c3ad6e04e507440742a7ed1974dc4_640.jpg'));
INSERT INTO member_friend(member_id, friend_id, accepted) VALUES ('6f18ee64-d861-41f3-9a10-308cf3095287', '6f18ee64-d861-41f3-9a10-308cf3095288', true);
INSERT INTO member_friend(member_id, friend_id, accepted) VALUES ('6f18ee64-d861-41f3-9a10-308cf3095287', '6f18ee64-d861-41f3-9a10-308cf3095289', true);
INSERT INTO member_friend(member_id, friend_id, accepted) VALUES ('6f18ee64-d861-41f3-9a10-308cf3095289', '6f18ee64-d861-41f3-9a10-308cf3095288', false);
INSERT INTO member_friend(member_id, friend_id, accepted) VALUES ('6f18ee64-d861-41f3-9a10-308cf3095287', '6f18ee64-d861-41f3-9a10-308cf3095265', false);
INSERT INTO member_friend(member_id, friend_id, accepted) VALUES ('6f18ee64-d861-41f3-9a10-308cf3095264', '6f18ee64-d861-41f3-9a10-308cf3095287', false);