-- This file is not included in the submission archive, anything you do here is just for manual "testing" via the Swagger UI --

----- Your insert statements go below here -----
INSERT INTO member(id, data) VALUES ('6f18ee64-d861-41f3-9a10-308cf3095287', jsonb_build_object('email','molly@books.com','name','Molly Member','pwhash',crypt('mollymember','cs'),'roles','["member"]'));
INSERT INTO member(id, data) VALUES ('6f18ee64-d861-41f3-9a10-308cf3095288', jsonb_build_object('email','hunter@books.com','name','Hunter Member','pwhash',crypt('huntermember','cs'),'roles','["member"]'));
INSERT INTO member(id, data) VALUES ('6f18ee64-d861-41f3-9a10-308cf3095289', jsonb_build_object('email','tanya@books.com','name','Tanya Member','pwhash',crypt('tanyamember','cs'),'roles','["member"]'));
INSERT INTO member(id, data) VALUES ('6f18ee64-d861-41f3-9a10-308cf3095277', jsonb_build_object('email','meadow@books.com','name','Meadow Member','pwhash',crypt('meadowmember','cs'),'roles','["member"]'));
INSERT INTO member(id, data) VALUES ('6f18ee64-d861-41f3-9a10-308cf3095211', jsonb_build_object('email','vinnie@books.com','name','Vinnie Member','pwhash',crypt('vinniemember','cs'),'roles','["member"]'));
INSERT INTO member_friend(member_id, friend_id, accepted) VALUES ('6f18ee64-d861-41f3-9a10-308cf3095288', '6f18ee64-d861-41f3-9a10-308cf3095289', true);
INSERT INTO member_friend(member_id, friend_id, accepted) VALUES ('6f18ee64-d861-41f3-9a10-308cf3095288', '6f18ee64-d861-41f3-9a10-308cf3095277', true);
INSERT INTO member_friend(member_id, friend_id, accepted) VALUES ('6f18ee64-d861-41f3-9a10-308cf3095288', '6f18ee64-d861-41f3-9a10-308cf3095287', false);
INSERT INTO member_friend(member_id, friend_id, accepted) VALUES ('6f18ee64-d861-41f3-9a10-308cf3095211', '6f18ee64-d861-41f3-9a10-308cf3095288', false);
INSERT INTO post(member_id, data) VALUES ('6f18ee64-d861-41f3-9a10-308cf3095288', jsonb_build_object('posted', current_timestamp, 'content', 'Hello all! I am super cool :D', 'image', 'https://w0.peakpx.com/wallpaper/299/214/HD-wallpaper-lofi-smoking-girl-smoking-artist-artwork-digital-art.jpg'));
INSERT INTO post(member_id, data) VALUES ('6f18ee64-d861-41f3-9a10-308cf3095277', jsonb_build_object('posted', current_timestamp, 'content', 'Hello all! My name is meadow i work at starbies!', 'image', 'https://images-wixmp-ed30a86b8c4ca887773594c2.wixmp.com/f/e24c35df-f312-4853-8ca8-ac16c27167e7/dfwy56f-863cce2c-3969-4462-b955-1f42f8a0c15f.png/v1/fit/w_375,h_614,q_70,strp/what_if_starbucks_was_an_anime_girl___by_creatorsofteas_dfwy56f-375w.jpg?token=eyJ0eXAiOiJKV1QiLCJhbGciOiJIUzI1NiJ9.eyJzdWIiOiJ1cm46YXBwOjdlMGQxODg5ODIyNjQzNzNhNWYwZDQxNWVhMGQyNmUwIiwiaXNzIjoidXJuOmFwcDo3ZTBkMTg4OTgyMjY0MzczYTVmMGQ0MTVlYTBkMjZlMCIsIm9iaiI6W1t7ImhlaWdodCI6Ijw9MTAwNiIsInBhdGgiOiJcL2ZcL2UyNGMzNWRmLWYzMTItNDg1My04Y2E4LWFjMTZjMjcxNjdlN1wvZGZ3eTU2Zi04NjNjY2UyYy0zOTY5LTQ0NjItYjk1NS0xZjQyZjhhMGMxNWYucG5nIiwid2lkdGgiOiI8PTYxNCJ9XV0sImF1ZCI6WyJ1cm46c2VydmljZTppbWFnZS5vcGVyYXRpb25zIl19.WNvuDdZ9HJL5PiUPvXuBsKwy2lIZwGABVQSn7M08c40'));
INSERT INTO post(member_id, data) VALUES ('6f18ee64-d861-41f3-9a10-308cf3095289', jsonb_build_object('posted', current_timestamp, 'content', 'Hello all! My name is tanya and im just a girl...', 'image', 'https://media.tenor.com/YwNqo8gDw3kAAAAM/sad-sad-hamster.gif'));
INSERT INTO post(member_id, data) VALUES ('6f18ee64-d861-41f3-9a10-308cf3095211', jsonb_build_object('posted', current_timestamp, 'content', 'Hi im vinnie and I like JJK wow!', 'image', 'https://encrypted-tbn0.gstatic.com/images?q=tbn:ANd9GcR4pO_bY_Tp_BCWO9x6ra9Q77QhP8YesGjtiBXv2bkAbg&s'));